model,dimension,property,seed,difficulty_ontrain,difficulty_ontest,mse_test
naivesafe,"(2, 2)","(994, 863)",1,0.0,0.0,0.38099796431355426
naivesafe,"(2, 2)","(994, 863)",0,0.0,0.0,0.025902739093860924
naivesafe,"(2, 2)","(590, 459)",0,0.0,0.0,0.027059300201334575
naivesafe,"(2, 2)","(33, 459)",1,0.0,0.0,0.38099796431355426
naivesafe,"(2, 2)","(33, 459)",0,0.0,0.0,0.027059300201334575
naivesafe,"(2, 2)","(590, 459)",1,0.0,0.0,0.38099796431355426
smle,"(2, 2)","(590, 863)",1,0.0,0.0,0.18605099279123907
smle,"(2, 2)","(33, 994)",1,0.0,0.0,0.07888926378564097
smle,"(2, 2)","(33, 994)",0,0.0,0.0,0.07726730175976343
smle,"(2, 2)","(590, 863)",0,0.0,0.0,0.22957843059179417
smle,"(2, 2)","(487, 863)",1,0.0,0.0,0.4075256787534118
smle,"(2, 2)","(33, 459)",1,0.0,0.0,0.1057167622920318
smle,"(2, 2)","(33, 459)",0,0.0,0.0,0.05533563892295776
smle,"(2, 2)","(487, 863)",0,0.0,0.0,0.3671298062627326
naivesafe,"(2, 2)","(33, 994)",1,0.0,0.0,0.38099796431355426
naivesafe,"(2, 2)","(33, 994)",0,0.0,0.0,0.027059300201334575
naivesafe,"(2, 2)","(33, 863)",0,0.0,0.0,0.027059300201334575
naivesafe,"(2, 2)","(33, 922)",1,0.0,0.0,0.38099796431355426
naivesafe,"(2, 2)","(590, 863)",1,0.0,0.0,0.38099796431355426
naivesafe,"(2, 2)","(590, 863)",0,0.0,0.0,0.02620525448580109
naivesafe,"(2, 2)","(33, 922)",0,0.0,0.0,0.027059300201334575
naivesafe,"(2, 2)","(33, 863)",1,0.0,0.0,0.38099796431355426
unsafe,"(2, 2)","(-1, -1)",0,0.0,0.0,0.027059299978280136
unsafe,"(2, 2)","(-1, -1)",1,0.0,0.0,0.3809979646042555
smle,"(2, 2)","(590, 459)",0,0.0,0.0,0.09728435642733657
smle,"(2, 2)","(590, 459)",1,0.0,0.0,0.16143380856523623
smle,"(2, 2)","(994, 863)",1,0.0,0.0,0.22229573694556165
smle,"(2, 2)","(994, 863)",0,0.0,0.0,0.2542535081197651
smle,"(2, 2)","(33, 863)",0,0.0,0.0,0.0879952069810892
smle,"(2, 2)","(33, 922)",1,0.0,0.0,0.10148124773722375
smle,"(2, 2)","(33, 922)",0,0.0,0.0,0.05152026242674774
smle,"(2, 2)","(33, 863)",1,0.0,0.0,0.057317031522419244
naivesafe,"(2, 2)","(487, 863)",1,0.0,0.0,0.38099796431355426
naivesafe,"(2, 2)","(487, 863)",0,0.0,0.0,0.025902739093860924
smle,"(2, 2)","(994, 459)",0,0.07,0.07,0.29147510321387593
smle,"(2, 2)","(994, 459)",1,0.07,0.07,0.2661498137989793
naivesafe,"(2, 2)","(487, 459)",0,0.07,0.07,0.04338199367816055
naivesafe,"(2, 2)","(487, 459)",1,0.07,0.07,0.39537438471240943
naivesafe,"(2, 2)","(994, 459)",0,0.07,0.07,0.04338199367816055
naivesafe,"(2, 2)","(994, 459)",1,0.07,0.07,0.39537438471240943
smle,"(2, 2)","(487, 459)",0,0.07,0.07,0.300230817626964
smle,"(2, 2)","(487, 459)",1,0.07,0.07,0.32676106449058656
naivesafe,"(2, 2)","(590, 994)",0,0.18,0.2,0.1404518352867147
naivesafe,"(2, 2)","(590, 994)",1,0.18,0.2,0.3807927744350943
smle,"(2, 2)","(590, 994)",0,0.18,0.2,0.21525100949091558
smle,"(2, 2)","(590, 994)",1,0.18,0.2,0.3406669208765174
smle,"(2, 2)","(994, 994)",0,0.31,0.32,0.5161188299159075
smle,"(2, 2)","(994, 994)",1,0.31,0.32,0.47339904773407987
naivesafe,"(2, 2)","(994, 994)",0,0.31,0.32,0.17618143108764542
naivesafe,"(2, 2)","(994, 994)",1,0.31,0.32,0.5003301675986537
naivesafe,"(2, 2)","(487, 994)",0,0.39,0.4,0.3271149478074933
naivesafe,"(2, 2)","(487, 994)",1,0.39,0.4,0.5003301675986537
smle,"(2, 2)","(487, 994)",0,0.39,0.4,0.5837855819119135
smle,"(2, 2)","(487, 994)",1,0.39,0.4,0.5698584762365128
smle,"(2, 2)","(590, 922)",0,0.54,0.57,3.9635879232016187
smle,"(2, 2)","(590, 922)",1,0.54,0.57,3.8030534905892557
naivesafe,"(2, 2)","(590, 922)",0,0.54,0.57,3.734654728748378
naivesafe,"(2, 2)","(590, 922)",1,0.54,0.57,3.855685405999042
naivesafe,"(2, 2)","(994, 922)",0,0.85,0.86,6.515654593855305
naivesafe,"(2, 2)","(994, 922)",1,0.85,0.86,6.722167552189676
smle,"(2, 2)","(994, 922)",0,0.85,0.86,6.885858223388524
smle,"(2, 2)","(994, 922)",1,0.85,0.86,6.621329765810902
smle,"(2, 2)","(487, 922)",0,1.0,1.0,7.15850922295515
smle,"(2, 2)","(487, 922)",1,1.0,1.0,7.169281301301498
naivesafe,"(2, 2)","(487, 922)",0,1.0,1.0,7.145182362281343
naivesafe,"(2, 2)","(487, 922)",1,1.0,1.0,7.145182362281343
naivesafe,"(2, 4)","(33, 743)",0,0.0,0.0,0.04338224224084264
naivesafe,"(2, 4)","(33, 743)",1,0.0,0.0,0.367897455239532
smle,"(2, 4)","(33, 743)",0,0.0,0.0,0.11729171067978819
smle,"(2, 4)","(33, 743)",1,0.0,0.0,0.06138983973680301
smle,"(2, 4)","(33, 138)",0,0.0,0.0,0.0929946912676154
smle,"(2, 4)","(33, 138)",1,0.0,0.0,0.1474111401947788
smle,"(2, 4)","(33, 510)",1,0.0,0.0,0.07581150933961865
smle,"(2, 4)","(33, 510)",0,0.0,0.0,0.053194764560513315
smle,"(2, 4)","(33, 980)",0,0.0,0.0,0.06366447694097814
unsafe,"(2, 4)","(-1, -1)",0,0.0,0.0,0.04338224224084264
unsafe,"(2, 4)","(-1, -1)",1,0.0,0.0,0.367897455239532
smle,"(2, 4)","(33, 980)",1,0.0,0.0,0.08427738568242138
naivesafe,"(2, 4)","(33, 138)",0,0.0,0.0,0.04338224224084264
naivesafe,"(2, 4)","(33, 138)",1,0.0,0.0,0.367897455239532
naivesafe,"(2, 4)","(33, 980)",0,0.0,0.0,0.04338224224084264
naivesafe,"(2, 4)","(33, 980)",1,0.0,0.0,0.367897455239532
naivesafe,"(2, 4)","(33, 510)",1,0.0,0.0,0.367897455239532
naivesafe,"(2, 4)","(33, 510)",0,0.0,0.0,0.04338224224084264
smle,"(2, 4)","(994, 980)",0,0.01,0.01,0.7379714858195654
smle,"(2, 4)","(994, 980)",1,0.01,0.01,0.7225365138670766
naivesafe,"(2, 4)","(994, 980)",0,0.01,0.01,0.04262375890192246
naivesafe,"(2, 4)","(994, 980)",1,0.01,0.01,0.3637313302772516
naivesafe,"(2, 4)","(590, 980)",0,0.06,0.06,0.055935558574010745
naivesafe,"(2, 4)","(590, 980)",1,0.06,0.06,0.374287390974289
smle,"(2, 4)","(590, 980)",0,0.06,0.06,0.4779849864251815
smle,"(2, 4)","(590, 980)",1,0.06,0.06,0.4297406267619616
naivesafe,"(2, 4)","(487, 980)",0,0.07,0.08,0.07087308721227044
naivesafe,"(2, 4)","(487, 980)",1,0.07,0.08,0.3910259589795606
smle,"(2, 4)","(487, 980)",0,0.07,0.08,1.417008322607353
smle,"(2, 4)","(487, 980)",1,0.07,0.08,1.4600340174799005
smle,"(2, 4)","(994, 138)",0,0.21,0.23,0.7789091872289118
smle,"(2, 4)","(994, 138)",1,0.21,0.23,0.7008475646603812
naivesafe,"(2, 4)","(590, 138)",0,0.21,0.23,0.6171233485093106
naivesafe,"(2, 4)","(590, 138)",1,0.21,0.23,0.9232904843089369
smle,"(2, 4)","(590, 138)",0,0.21,0.23,0.8285616853646876
smle,"(2, 4)","(590, 138)",1,0.21,0.23,0.8462437076751644
naivesafe,"(2, 4)","(994, 138)",0,0.21,0.23,0.14916099729785434
naivesafe,"(2, 4)","(994, 138)",1,0.21,0.23,0.4491874826167286
naivesafe,"(2, 4)","(487, 138)",0,0.29,0.32,1.058992918725896
naivesafe,"(2, 4)","(487, 138)",1,0.29,0.32,1.3061404200105065
smle,"(2, 4)","(487, 138)",0,0.29,0.32,1.9784353548461857
smle,"(2, 4)","(487, 138)",1,0.29,0.32,1.8891976666478059
smle,"(2, 4)","(590, 743)",0,0.47,0.51,0.7433908578538548
smle,"(2, 4)","(590, 743)",1,0.47,0.51,0.7479574240243532
naivesafe,"(2, 4)","(590, 743)",0,0.47,0.51,0.2593246816754107
naivesafe,"(2, 4)","(590, 743)",1,0.47,0.51,0.5691458309925381
naivesafe,"(2, 4)","(994, 743)",0,0.49,0.52,0.13689744220554403
naivesafe,"(2, 4)","(994, 743)",1,0.49,0.52,0.46214636674685283
smle,"(2, 4)","(994, 743)",0,0.49,0.52,0.8234305998109083
smle,"(2, 4)","(994, 743)",1,0.49,0.52,0.8022970100439528
naivesafe,"(2, 4)","(590, 510)",1,0.54,0.57,1.605572920722159
naivesafe,"(2, 4)","(590, 510)",0,0.54,0.57,1.3091759802868461
smle,"(2, 4)","(590, 510)",1,0.54,0.57,1.4673015172943544
smle,"(2, 4)","(590, 510)",0,0.54,0.57,1.5220872339438536
smle,"(2, 4)","(487, 743)",0,0.63,0.66,1.6819912012452363
smle,"(2, 4)","(487, 743)",1,0.63,0.66,1.6358422353472037
naivesafe,"(2, 4)","(487, 743)",0,0.63,0.66,0.35791585656196245
naivesafe,"(2, 4)","(487, 743)",1,0.63,0.66,0.6464822911896724
smle,"(2, 4)","(994, 510)",1,0.85,0.86,1.933619811433859
smle,"(2, 4)","(994, 510)",0,0.85,0.86,1.94876041867367
naivesafe,"(2, 4)","(994, 510)",1,0.85,0.86,1.7595366531521606
naivesafe,"(2, 4)","(994, 510)",0,0.85,0.86,1.4921204807667237
naivesafe,"(2, 4)","(487, 510)",1,1.0,1.0,2.4901061796412596
naivesafe,"(2, 4)","(487, 510)",0,1.0,1.0,2.2733251648230723
smle,"(2, 4)","(487, 510)",1,1.0,1.0,2.7811434466457325
smle,"(2, 4)","(487, 510)",0,1.0,1.0,2.7798050382474924
naivesafe,"(2, 8)","(33, 933)",1,0.0,0.0,10.528779358703513
naivesafe,"(2, 8)","(33, 420)",0,0.0,0.0,3.427158859768756
naivesafe,"(2, 8)","(33, 519)",1,0.0,0.0,10.528779358703513
naivesafe,"(2, 8)","(33, 519)",0,0.0,0.0,3.427158859768756
naivesafe,"(2, 8)","(33, 420)",1,0.0,0.0,10.528779358703513
naivesafe,"(2, 8)","(33, 933)",0,0.0,0.0,3.427158859768756
unsafe,"(2, 8)","(-1, -1)",1,0.0,0.0,10.528779358703513
unsafe,"(2, 8)","(-1, -1)",0,0.0,0.0,3.427158859768756
smle,"(2, 8)","(33, 420)",0,0.0,0.0,4.014630761356174
smle,"(2, 8)","(33, 933)",1,0.0,0.0,4.947270152266448
smle,"(2, 8)","(33, 519)",1,0.0,0.0,4.466949706429603
smle,"(2, 8)","(33, 519)",0,0.0,0.0,3.690563340550314
smle,"(2, 8)","(33, 933)",0,0.0,0.0,5.009323673518612
smle,"(2, 8)","(33, 420)",1,0.0,0.0,6.302820614379686
smle,"(2, 8)","(33, 839)",0,0.0,0.0,5.355578160213706
smle,"(2, 8)","(33, 839)",1,0.0,0.0,4.459187306487626
naivesafe,"(2, 8)","(33, 839)",0,0.0,0.0,3.427158859768756
naivesafe,"(2, 8)","(33, 839)",1,0.0,0.0,10.528779358703513
smle,"(2, 8)","(590, 839)",1,0.02,0.02,14.830001743943807
smle,"(2, 8)","(590, 839)",0,0.02,0.02,14.06931597638127
naivesafe,"(2, 8)","(590, 839)",1,0.02,0.02,10.388460522885294
naivesafe,"(2, 8)","(590, 839)",0,0.02,0.02,3.4595445040979955
naivesafe,"(2, 8)","(994, 839)",1,0.13,0.12,15.82435492927754
naivesafe,"(2, 8)","(994, 839)",0,0.13,0.12,9.008313991047022
smle,"(2, 8)","(994, 839)",1,0.13,0.12,22.526415745360577
smle,"(2, 8)","(994, 839)",0,0.13,0.12,23.7399098532177
smle,"(2, 8)","(487, 839)",1,0.15,0.16,63.117592360740076
smle,"(2, 8)","(487, 839)",0,0.15,0.16,62.913409164685326
naivesafe,"(2, 8)","(487, 839)",1,0.15,0.16,15.792580769189449
naivesafe,"(2, 8)","(487, 839)",0,0.15,0.16,9.453723199391245
naivesafe,"(2, 8)","(590, 933)",0,0.16,0.18,4.2861293899447555
naivesafe,"(2, 8)","(590, 933)",1,0.16,0.18,11.285572448273745
smle,"(2, 8)","(590, 933)",0,0.16,0.18,13.725568520293805
smle,"(2, 8)","(590, 933)",1,0.16,0.18,14.684094983285835
smle,"(2, 8)","(994, 933)",0,0.3,0.3,25.22000437296615
smle,"(2, 8)","(994, 933)",1,0.3,0.3,25.132437787732467
naivesafe,"(2, 8)","(994, 933)",0,0.3,0.3,16.314925426393536
naivesafe,"(2, 8)","(994, 933)",1,0.3,0.3,23.0791998605571
naivesafe,"(2, 8)","(487, 933)",0,0.37,0.38,19.542539054989078
naivesafe,"(2, 8)","(487, 933)",1,0.37,0.38,26.04192204356167
smle,"(2, 8)","(487, 933)",0,0.37,0.38,67.51679366607823
smle,"(2, 8)","(487, 933)",1,0.37,0.38,67.3015391433085
naivesafe,"(2, 8)","(590, 519)",0,0.38,0.42,3.5554569582260456
naivesafe,"(2, 8)","(590, 519)",1,0.38,0.42,10.581584627656465
smle,"(2, 8)","(590, 519)",0,0.38,0.42,12.11857531894929
smle,"(2, 8)","(590, 519)",1,0.38,0.42,12.263928658818696
naivesafe,"(2, 8)","(590, 420)",1,0.54,0.57,10.958377635771111
naivesafe,"(2, 8)","(590, 420)",0,0.54,0.57,4.118895916380334
smle,"(2, 8)","(590, 420)",1,0.54,0.57,12.106488545841678
smle,"(2, 8)","(590, 420)",0,0.54,0.57,12.470983038379966
smle,"(2, 8)","(994, 519)",0,0.64,0.64,24.09662285823788
smle,"(2, 8)","(994, 519)",1,0.64,0.64,23.772950044927665
naivesafe,"(2, 8)","(994, 519)",0,0.64,0.64,11.552113741787787
naivesafe,"(2, 8)","(994, 519)",1,0.64,0.64,18.374956060887964
naivesafe,"(2, 8)","(487, 519)",0,0.74,0.76,12.358889025476156
naivesafe,"(2, 8)","(487, 519)",1,0.74,0.76,18.971369966847668
smle,"(2, 8)","(487, 519)",0,0.74,0.76,60.28776900521369
smle,"(2, 8)","(487, 519)",1,0.74,0.76,60.2391930756424
smle,"(2, 8)","(994, 420)",1,0.85,0.86,25.28389251537299
smle,"(2, 8)","(994, 420)",0,0.85,0.86,24.55036355750293
naivesafe,"(2, 8)","(994, 420)",1,0.85,0.86,14.962158428181379
naivesafe,"(2, 8)","(994, 420)",0,0.85,0.86,8.243107976549464
naivesafe,"(2, 8)","(487, 420)",1,1.0,1.0,17.270136385803635
naivesafe,"(2, 8)","(487, 420)",0,1.0,1.0,11.397580619240337
smle,"(2, 8)","(487, 420)",1,1.0,1.0,64.39917615408584
smle,"(2, 8)","(487, 420)",0,1.0,1.0,64.49463620376146
naivesafe,"(2, 16)","(33, 82)",0,0.0,0.0,208366.63639828633
naivesafe,"(2, 16)","(33, 82)",1,0.0,0.0,226131.89859043373
smle,"(2, 16)","(33, 711)",0,0.0,0.0,208120.8157819223
smle,"(2, 16)","(33, 711)",1,0.0,0.0,207882.73921793376
naivesafe,"(2, 16)","(33, 543)",1,0.0,0.0,226131.89859043373
naivesafe,"(2, 16)","(33, 543)",0,0.0,0.0,208366.63639828633
smle,"(2, 16)","(33, 82)",0,0.0,0.0,207450.549024418
smle,"(2, 16)","(33, 576)",1,0.0,0.0,206764.12910104694
smle,"(2, 16)","(33, 576)",0,0.0,0.0,208166.23409219654
smle,"(2, 16)","(33, 82)",1,0.0,0.0,207971.0975327204
unsafe,"(2, 16)","(-1, -1)",0,0.0,0.0,208366.63639828633
unsafe,"(2, 16)","(-1, -1)",1,0.0,0.0,226131.89859043373
smle,"(2, 16)","(33, 543)",1,0.0,0.0,207976.53182580404
smle,"(2, 16)","(33, 543)",0,0.0,0.0,208481.48846367397
naivesafe,"(2, 16)","(33, 711)",0,0.0,0.0,208366.63639828633
naivesafe,"(2, 16)","(33, 711)",1,0.0,0.0,226131.89859043373
naivesafe,"(2, 16)","(33, 576)",1,0.0,0.0,226131.89859043373
naivesafe,"(2, 16)","(33, 576)",0,0.0,0.0,208366.63639828633
naivesafe,"(2, 16)","(590, 82)",1,0.17,0.18,230377.70121482894
naivesafe,"(2, 16)","(590, 82)",0,0.17,0.18,212997.25091116034
smle,"(2, 16)","(590, 82)",1,0.17,0.18,205898.79716097203
smle,"(2, 16)","(590, 82)",0,0.17,0.18,207455.92819350044
naivesafe,"(2, 16)","(590, 711)",1,0.29,0.32,226571.37533603815
naivesafe,"(2, 16)","(590, 711)",0,0.29,0.32,208665.5693071103
smle,"(2, 16)","(590, 711)",0,0.29,0.32,206231.0129286691
smle,"(2, 16)","(590, 711)",1,0.29,0.32,208981.94606107593
naivesafe,"(2, 16)","(994, 82)",1,0.38,0.37,239292.69838575344
naivesafe,"(2, 16)","(994, 82)",0,0.38,0.37,221464.85513900762
smle,"(2, 16)","(994, 82)",1,0.38,0.37,227845.44445187
smle,"(2, 16)","(994, 82)",0,0.38,0.37,225382.87668369027
smle,"(2, 16)","(487, 82)",1,0.46,0.45,444895.83181594295
smle,"(2, 16)","(487, 82)",0,0.46,0.45,444884.124554592
naivesafe,"(2, 16)","(487, 82)",1,0.46,0.45,279600.9588918872
naivesafe,"(2, 16)","(487, 82)",0,0.46,0.45,266505.0375037146
naivesafe,"(2, 16)","(994, 711)",1,0.46,0.48,226210.5099404086
naivesafe,"(2, 16)","(994, 711)",0,0.46,0.48,208122.8511286761
smle,"(2, 16)","(994, 711)",0,0.46,0.48,226429.34254948082
smle,"(2, 16)","(994, 711)",1,0.46,0.48,226669.81751389662
smle,"(2, 16)","(590, 576)",1,0.54,0.57,207462.65413220465
smle,"(2, 16)","(590, 576)",0,0.54,0.57,206030.38463103716
naivesafe,"(2, 16)","(590, 576)",0,0.54,0.57,208315.5292853755
naivesafe,"(2, 16)","(590, 576)",1,0.54,0.57,226138.38971096918
naivesafe,"(2, 16)","(590, 543)",0,0.54,0.57,207881.46736368077
naivesafe,"(2, 16)","(590, 543)",1,0.54,0.57,225302.87901877347
smle,"(2, 16)","(590, 543)",1,0.54,0.57,207548.958982516
smle,"(2, 16)","(590, 543)",0,0.54,0.57,207882.92389243102
smle,"(2, 16)","(487, 711)",0,0.56,0.58,445271.8551939372
smle,"(2, 16)","(487, 711)",1,0.56,0.58,445278.4052188682
naivesafe,"(2, 16)","(487, 711)",1,0.56,0.58,231674.49861530858
naivesafe,"(2, 16)","(487, 711)",0,0.56,0.58,215226.75327050136
smle,"(2, 16)","(994, 576)",1,0.72,0.72,227025.54710933994
smle,"(2, 16)","(994, 576)",0,0.72,0.72,224630.7920070108
naivesafe,"(2, 16)","(994, 576)",0,0.72,0.72,208158.09236287975
naivesafe,"(2, 16)","(994, 576)",1,0.72,0.72,226007.46596627138
naivesafe,"(2, 16)","(994, 543)",0,0.85,0.86,226588.23931452783
naivesafe,"(2, 16)","(994, 543)",1,0.85,0.86,244462.88855144606
smle,"(2, 16)","(994, 543)",1,0.85,0.86,226365.37134828573
smle,"(2, 16)","(994, 543)",0,0.85,0.86,227064.10844190864
naivesafe,"(2, 16)","(487, 576)",0,0.87,0.87,209135.96493763608
naivesafe,"(2, 16)","(487, 576)",1,0.87,0.87,226951.81170237449
smle,"(2, 16)","(487, 576)",1,0.87,0.87,444222.2269910342
smle,"(2, 16)","(487, 576)",0,0.87,0.87,444187.2444046636
smle,"(2, 16)","(487, 543)",1,1.0,1.0,444113.61791819433
smle,"(2, 16)","(487, 543)",0,1.0,1.0,444156.07967231673
naivesafe,"(2, 16)","(487, 543)",0,1.0,1.0,225192.68543626793
naivesafe,"(2, 16)","(487, 543)",1,1.0,1.0,240997.1396896349
naivesafe,"(4, 2)","(207, 152)",0,0.0,0.0,0.016334905008782125
naivesafe,"(4, 2)","(207, 152)",1,0.0,0.0,0.901090582307688
naivesafe,"(4, 2)","(680, 688)",1,0.0,0.0,0.901090582307688
unsafe,"(4, 2)","(-1, -1)",1,0.0,0.0,0.9010905846176458
unsafe,"(4, 2)","(-1, -1)",0,0.0,0.0,0.016334904452033935
naivesafe,"(4, 2)","(680, 688)",0,0.0,0.0,0.016334905008782125
smle,"(4, 2)","(207, 710)",1,0.0,0.0,0.07164329710751093
smle,"(4, 2)","(207, 688)",1,0.0,0.0,0.12040298118113404
smle,"(4, 2)","(207, 688)",0,0.0,0.0,0.0634780972999688
smle,"(4, 2)","(207, 710)",0,0.0,0.0,0.031147389979293387
smle,"(4, 2)","(537, 688)",0,0.0,0.0,0.4417048136553482
smle,"(4, 2)","(537, 688)",1,0.0,0.0,0.3213193854797926
naivesafe,"(4, 2)","(207, 215)",1,0.0,0.0,0.901090582307688
naivesafe,"(4, 2)","(980, 688)",0,0.0,0.0,0.016334905008782125
naivesafe,"(4, 2)","(980, 688)",1,0.0,0.0,0.901090582307688
naivesafe,"(4, 2)","(207, 215)",0,0.0,0.0,0.016334905008782125
smle,"(4, 2)","(680, 688)",1,0.0,0.0,0.16403740956685967
smle,"(4, 2)","(680, 688)",0,0.0,0.0,0.161874094937172
smle,"(4, 2)","(207, 152)",0,0.0,0.0,0.048613479978106444
smle,"(4, 2)","(207, 152)",1,0.0,0.0,0.02921349504671923
smle,"(4, 2)","(980, 688)",0,0.0,0.0,0.8234428490579676
smle,"(4, 2)","(207, 215)",1,0.0,0.0,0.029311234329593244
smle,"(4, 2)","(207, 215)",0,0.0,0.0,0.05983742850714599
smle,"(4, 2)","(980, 688)",1,0.0,0.0,0.8314100966717142
naivesafe,"(4, 2)","(537, 688)",0,0.0,0.0,0.016334905008782125
naivesafe,"(4, 2)","(537, 688)",1,0.0,0.0,0.901090582307688
naivesafe,"(4, 2)","(207, 688)",1,0.0,0.0,0.901090582307688
naivesafe,"(4, 2)","(207, 710)",1,0.0,0.0,0.901090582307688
naivesafe,"(4, 2)","(207, 710)",0,0.0,0.0,0.016334905008782125
naivesafe,"(4, 2)","(207, 688)",0,0.0,0.0,0.016334905008782125
naivesafe,"(4, 2)","(680, 710)",1,0.03,0.03,0.901090582307688
naivesafe,"(4, 2)","(680, 710)",0,0.03,0.03,0.016415364632403444
smle,"(4, 2)","(680, 710)",1,0.03,0.03,0.18954777671138598
smle,"(4, 2)","(680, 710)",0,0.03,0.03,0.1883330502712862
smle,"(4, 2)","(537, 710)",0,0.07,0.07,0.30367444622081863
smle,"(4, 2)","(537, 710)",1,0.07,0.07,0.23492336207350747
naivesafe,"(4, 2)","(537, 710)",0,0.07,0.07,0.016488907154136027
naivesafe,"(4, 2)","(537, 710)",1,0.07,0.07,0.901090582307688
naivesafe,"(4, 2)","(980, 710)",0,0.09,0.09,0.034514415118351946
naivesafe,"(4, 2)","(980, 710)",1,0.09,0.09,0.9011210722723809
smle,"(4, 2)","(980, 710)",0,0.09,0.09,0.8199293047026668
smle,"(4, 2)","(980, 710)",1,0.09,0.09,0.8106107671716012
smle,"(4, 2)","(680, 215)",1,0.12,0.12,0.2944686743757368
smle,"(4, 2)","(680, 215)",0,0.12,0.12,0.18630312589407177
naivesafe,"(4, 2)","(680, 215)",1,0.12,0.12,0.901090582307688
naivesafe,"(4, 2)","(680, 215)",0,0.12,0.12,0.02359800424109932
smle,"(4, 2)","(680, 152)",0,0.21,0.21,0.3199135273682221
smle,"(4, 2)","(680, 152)",1,0.21,0.21,0.26601071319711905
naivesafe,"(4, 2)","(680, 152)",0,0.21,0.21,0.12028453258224321
naivesafe,"(4, 2)","(680, 152)",1,0.21,0.21,0.992266733898665
naivesafe,"(4, 2)","(537, 215)",0,0.22,0.23,0.030732355355868372
naivesafe,"(4, 2)","(537, 215)",1,0.22,0.23,0.901090582307688
smle,"(4, 2)","(537, 215)",0,0.22,0.23,0.44365472803951733
smle,"(4, 2)","(537, 215)",1,0.22,0.23,0.39772524074727894
smle,"(4, 2)","(980, 215)",0,0.32,0.32,0.9921752887957612
smle,"(4, 2)","(980, 215)",1,0.32,0.32,0.9525730573921056
naivesafe,"(4, 2)","(980, 215)",0,0.32,0.32,0.03608428602914419
naivesafe,"(4, 2)","(980, 215)",1,0.32,0.32,0.9011399851828399
naivesafe,"(4, 2)","(537, 152)",1,0.47,0.48,1.1418131615121798
naivesafe,"(4, 2)","(537, 152)",0,0.47,0.48,0.28793671308319935
smle,"(4, 2)","(537, 152)",1,0.47,0.48,0.667774212282232
smle,"(4, 2)","(537, 152)",0,0.47,0.48,0.6893361190299201
smle,"(4, 2)","(980, 152)",1,0.69,0.68,1.3102267888847856
smle,"(4, 2)","(980, 152)",0,0.69,0.68,1.317155357703315
naivesafe,"(4, 2)","(980, 152)",1,0.69,0.68,1.1671960331466045
naivesafe,"(4, 2)","(980, 152)",0,0.69,0.68,0.33269457289327614
unsafe,"(4, 4)","(-1, -1)",1,0.0,0.0,1.2121400776794535
unsafe,"(4, 4)","(-1, -1)",0,0.0,0.0,0.7951648514684921
naivesafe,"(4, 4)","(207, 677)",0,0.0,0.0,0.7951648514684921
naivesafe,"(4, 4)","(207, 677)",1,0.0,0.0,1.2121400776794535
naivesafe,"(4, 4)","(207, 669)",1,0.0,0.0,1.2121400776794535
naivesafe,"(4, 4)","(207, 669)",0,0.0,0.0,0.7951648514684921
naivesafe,"(4, 4)","(207, 980)",0,0.0,0.0,0.7951648514684921
naivesafe,"(4, 4)","(207, 322)",0,0.0,0.0,0.7951648514684921
naivesafe,"(4, 4)","(207, 322)",1,0.0,0.0,1.2121400776794535
naivesafe,"(4, 4)","(207, 980)",1,0.0,0.0,1.2121400776794535
smle,"(4, 4)","(207, 677)",0,0.0,0.0,0.7337147702459197
smle,"(4, 4)","(207, 677)",1,0.0,0.0,0.7041459101801691
smle,"(4, 4)","(207, 980)",0,0.0,0.0,0.7574016813219637
smle,"(4, 4)","(207, 322)",0,0.0,0.0,0.7942627726419484
smle,"(4, 4)","(207, 322)",1,0.0,0.0,0.6885442001780225
smle,"(4, 4)","(207, 980)",1,0.0,0.0,0.7216623353248373
smle,"(4, 4)","(207, 669)",1,0.0,0.0,0.7531096104806734
smle,"(4, 4)","(207, 669)",0,0.0,0.0,0.6994334716352962
smle,"(4, 4)","(680, 980)",0,0.02,0.02,1.679905755241067
smle,"(4, 4)","(680, 980)",1,0.02,0.02,1.7408240239654567
naivesafe,"(4, 4)","(680, 980)",0,0.02,0.02,0.8337352834309195
naivesafe,"(4, 4)","(680, 980)",1,0.02,0.02,1.2500904267062445
smle,"(4, 4)","(680, 322)",0,0.07,0.06,1.6376215686586604
smle,"(4, 4)","(680, 322)",1,0.07,0.06,1.657209489427617
naivesafe,"(4, 4)","(680, 322)",0,0.07,0.06,0.9334736444956844
naivesafe,"(4, 4)","(680, 322)",1,0.07,0.06,1.3480108760959497
naivesafe,"(4, 4)","(537, 980)",1,0.08,0.08,1.315480503526129
naivesafe,"(4, 4)","(537, 980)",0,0.08,0.08,0.899109161768791
smle,"(4, 4)","(537, 980)",1,0.08,0.08,3.619490639874008
smle,"(4, 4)","(537, 980)",0,0.08,0.08,3.739602354124164
smle,"(4, 4)","(980, 980)",1,0.12,0.13,27.98598988605375
smle,"(4, 4)","(980, 980)",0,0.12,0.13,27.979286100074432
naivesafe,"(4, 4)","(980, 980)",1,0.12,0.13,1.7470783598163724
naivesafe,"(4, 4)","(980, 980)",0,0.12,0.13,1.3270111673264777
smle,"(4, 4)","(680, 677)",0,0.13,0.12,2.0814446517187113
smle,"(4, 4)","(680, 677)",1,0.13,0.12,1.9916894412604056
naivesafe,"(4, 4)","(680, 677)",0,0.13,0.12,1.26805502325857
naivesafe,"(4, 4)","(680, 677)",1,0.13,0.12,1.6767081785640987
naivesafe,"(4, 4)","(537, 322)",1,0.13,0.13,1.6602475977784423
naivesafe,"(4, 4)","(537, 322)",0,0.13,0.13,1.2536846281128768
smle,"(4, 4)","(537, 322)",1,0.13,0.13,3.450496097133877
smle,"(4, 4)","(537, 322)",0,0.13,0.13,3.4511996501541
smle,"(4, 4)","(680, 669)",1,0.21,0.21,1.9575762653416766
smle,"(4, 4)","(680, 669)",0,0.21,0.21,1.8995534472653857
naivesafe,"(4, 4)","(680, 669)",1,0.21,0.21,1.3499016579561032
naivesafe,"(4, 4)","(680, 669)",0,0.21,0.21,0.9327951720091812
naivesafe,"(4, 4)","(537, 677)",1,0.27,0.27,2.4676933956013025
naivesafe,"(4, 4)","(537, 677)",0,0.27,0.27,2.0673995527443414
smle,"(4, 4)","(537, 677)",1,0.27,0.27,4.488044709086748
smle,"(4, 4)","(537, 677)",0,0.27,0.27,4.3728588105768065
smle,"(4, 4)","(980, 322)",1,0.29,0.29,28.538630654823418
smle,"(4, 4)","(980, 322)",0,0.29,0.29,28.470902366896308
naivesafe,"(4, 4)","(980, 322)",1,0.29,0.29,8.394918457179429
naivesafe,"(4, 4)","(980, 322)",0,0.29,0.29,8.002112067251892
smle,"(4, 4)","(980, 677)",1,0.46,0.44,31.26306796763053
smle,"(4, 4)","(980, 677)",0,0.46,0.44,31.853692794459683
naivesafe,"(4, 4)","(980, 677)",1,0.46,0.44,11.775095978508524
naivesafe,"(4, 4)","(980, 677)",0,0.46,0.44,11.393660590933237
naivesafe,"(4, 4)","(537, 669)",0,0.47,0.48,1.161544533304023
naivesafe,"(4, 4)","(537, 669)",1,0.47,0.48,1.5786156079596254
smle,"(4, 4)","(537, 669)",0,0.47,0.48,3.9269596029556357
smle,"(4, 4)","(537, 669)",1,0.47,0.48,4.052456519354341
smle,"(4, 4)","(980, 669)",0,0.69,0.68,30.044201318692004
smle,"(4, 4)","(980, 669)",1,0.69,0.68,30.11828301292397
naivesafe,"(4, 4)","(980, 669)",0,0.69,0.68,3.139197775166617
naivesafe,"(4, 4)","(980, 669)",1,0.69,0.68,3.5459277178476425
smle,"(4, 8)","(207, 839)",1,0.0,0.0,49910.32659818265
smle,"(4, 8)","(207, 839)",0,0.0,0.0,49659.17272820177
smle,"(4, 8)","(207, 383)",0,0.0,0.0,49450.06387096311
smle,"(4, 8)","(207, 383)",1,0.0,0.0,49340.65888195694
naivesafe,"(4, 8)","(207, 293)",1,0.0,0.0,66170.01324345125
naivesafe,"(4, 8)","(207, 293)",0,0.0,0.0,52389.48587720655
naivesafe,"(4, 8)","(207, 420)",1,0.0,0.0,66170.01324345125
naivesafe,"(4, 8)","(207, 420)",0,0.0,0.0,52389.48587720655
naivesafe,"(4, 8)","(207, 839)",1,0.0,0.0,66170.01324345125
naivesafe,"(4, 8)","(207, 839)",0,0.0,0.0,52389.48587720655
smle,"(4, 8)","(207, 420)",1,0.0,0.0,49562.47602844725
smle,"(4, 8)","(207, 420)",0,0.0,0.0,49674.1471992049
smle,"(4, 8)","(207, 293)",1,0.0,0.0,50087.16910203076
unsafe,"(4, 8)","(-1, -1)",0,0.0,0.0,52389.48587720655
unsafe,"(4, 8)","(-1, -1)",1,0.0,0.0,66170.01324345125
smle,"(4, 8)","(207, 293)",0,0.0,0.0,50465.44839318716
naivesafe,"(4, 8)","(207, 383)",0,0.0,0.0,52389.48587720655
naivesafe,"(4, 8)","(207, 383)",1,0.0,0.0,66170.01324345125
naivesafe,"(4, 8)","(680, 839)",1,0.04,0.04,66177.42465427073
naivesafe,"(4, 8)","(680, 839)",0,0.04,0.04,52401.10400131256
smle,"(4, 8)","(680, 839)",1,0.04,0.04,49088.70959188454
smle,"(4, 8)","(680, 839)",0,0.04,0.04,50042.48185528044
smle,"(4, 8)","(537, 839)",0,0.08,0.09,49141.51291410477
smle,"(4, 8)","(537, 839)",1,0.08,0.09,49177.80802130362
naivesafe,"(4, 8)","(537, 839)",0,0.08,0.09,52436.86747561187
naivesafe,"(4, 8)","(537, 839)",1,0.08,0.09,66220.66495359401
smle,"(4, 8)","(680, 293)",1,0.09,0.08,49943.36286755931
smle,"(4, 8)","(680, 293)",0,0.09,0.08,49972.98396173916
naivesafe,"(4, 8)","(680, 293)",1,0.09,0.08,66381.80075549801
naivesafe,"(4, 8)","(680, 293)",0,0.09,0.08,52609.764818948104
naivesafe,"(4, 8)","(680, 383)",0,0.15,0.14,52738.85256170397
naivesafe,"(4, 8)","(680, 383)",1,0.15,0.14,66490.13678635901
smle,"(4, 8)","(680, 383)",0,0.15,0.14,49802.10504090431
smle,"(4, 8)","(680, 383)",1,0.15,0.14,49570.55465767868
naivesafe,"(4, 8)","(537, 293)",0,0.2,0.19,52833.557172651075
naivesafe,"(4, 8)","(537, 293)",1,0.2,0.19,66646.90331385907
smle,"(4, 8)","(537, 293)",0,0.2,0.19,49757.93156262325
smle,"(4, 8)","(537, 293)",1,0.2,0.19,49432.925526544204
naivesafe,"(4, 8)","(980, 839)",0,0.21,0.2,62585.19775688729
naivesafe,"(4, 8)","(980, 839)",1,0.21,0.2,75955.86605603145
smle,"(4, 8)","(980, 839)",0,0.21,0.2,148958.5299210887
smle,"(4, 8)","(980, 839)",1,0.21,0.2,148835.80096593374
smle,"(4, 8)","(680, 420)",1,0.21,0.21,49065.36547206079
smle,"(4, 8)","(680, 420)",0,0.21,0.21,49674.47114753315
naivesafe,"(4, 8)","(680, 420)",1,0.21,0.21,66219.68087620528
naivesafe,"(4, 8)","(680, 420)",0,0.21,0.21,52438.42504584286
smle,"(4, 8)","(980, 293)",0,0.35,0.33,149925.64907373494
smle,"(4, 8)","(980, 293)",1,0.35,0.33,149662.03272012304
naivesafe,"(4, 8)","(980, 293)",0,0.35,0.33,108400.79674794262
naivesafe,"(4, 8)","(980, 293)",1,0.35,0.33,117939.7682495861
smle,"(4, 8)","(537, 383)",1,0.35,0.34,49178.75741084678
smle,"(4, 8)","(537, 383)",0,0.35,0.34,50372.089561309964
naivesafe,"(4, 8)","(537, 383)",1,0.35,0.34,66954.52266873192
naivesafe,"(4, 8)","(537, 383)",0,0.35,0.34,53166.530377447365
naivesafe,"(4, 8)","(537, 420)",0,0.47,0.48,52475.29119847523
naivesafe,"(4, 8)","(537, 420)",1,0.47,0.48,66296.29685176453
smle,"(4, 8)","(537, 420)",0,0.47,0.48,49441.548420836574
smle,"(4, 8)","(537, 420)",1,0.47,0.48,49395.021987568085
naivesafe,"(4, 8)","(980, 383)",1,0.52,0.5,151708.7583468508
naivesafe,"(4, 8)","(980, 383)",0,0.52,0.5,144774.2507182407
smle,"(4, 8)","(980, 383)",1,0.52,0.5,150061.6334864993
smle,"(4, 8)","(980, 383)",0,0.52,0.5,149354.22818512112
smle,"(4, 8)","(980, 420)",0,0.69,0.68,148131.64122196086
smle,"(4, 8)","(980, 420)",1,0.69,0.68,147452.2598936246
naivesafe,"(4, 8)","(980, 420)",0,0.69,0.68,75483.93353635237
naivesafe,"(4, 8)","(980, 420)",1,0.69,0.68,87588.93649436772
unsafe,"(4, 16)","(-1, -1)",0,0.0,0.0,40518138037140.79
unsafe,"(4, 16)","(-1, -1)",1,0.0,0.0,40797974161310.06
smle,"(4, 16)","(207, 270)",1,0.0,0.0,40519682460514.19
smle,"(4, 16)","(207, 270)",0,0.0,0.0,40522704422799.35
naivesafe,"(4, 16)","(207, 17)",0,0.0,0.0,40518137995179.06
naivesafe,"(4, 16)","(207, 17)",1,0.0,0.0,40797974160251.13
naivesafe,"(4, 16)","(207, 270)",0,0.0,0.0,40518137995179.06
naivesafe,"(4, 16)","(207, 270)",1,0.0,0.0,40797974160251.13
smle,"(4, 16)","(207, 82)",1,0.0,0.0,40519909754841.68
smle,"(4, 16)","(207, 82)",0,0.0,0.0,40523047293848.875
smle,"(4, 16)","(207, 537)",1,0.0,0.0,40519699654358.14
smle,"(4, 16)","(207, 537)",0,0.0,0.0,40526284762793.37
naivesafe,"(4, 16)","(207, 82)",1,0.0,0.0,40797974160251.13
naivesafe,"(4, 16)","(207, 82)",0,0.0,0.0,40518137995179.06
naivesafe,"(4, 16)","(207, 537)",0,0.0,0.0,40518137995179.06
smle,"(4, 16)","(207, 17)",0,0.0,0.0,40520361028717.16
smle,"(4, 16)","(207, 17)",1,0.0,0.0,40521997264149.99
naivesafe,"(4, 16)","(207, 537)",1,0.0,0.0,40797974160251.13
smle,"(4, 16)","(680, 82)",1,0.11,0.09,40412354671942.945
smle,"(4, 16)","(680, 82)",0,0.11,0.09,40420049110200.27
naivesafe,"(4, 16)","(680, 82)",1,0.11,0.09,40792576325742.22
naivesafe,"(4, 16)","(680, 82)",0,0.11,0.09,40505606387529.83
naivesafe,"(4, 16)","(680, 537)",0,0.13,0.11,40507674188816.31
naivesafe,"(4, 16)","(680, 537)",1,0.13,0.11,40793501729614.266
smle,"(4, 16)","(680, 537)",1,0.13,0.11,40415477168311.914
smle,"(4, 16)","(680, 537)",0,0.13,0.11,40410171186811.125
naivesafe,"(4, 16)","(680, 17)",0,0.17,0.17,40508919686644.95
naivesafe,"(4, 16)","(680, 17)",1,0.17,0.17,40794187899980.18
smle,"(4, 16)","(680, 17)",0,0.17,0.17,40411556306060.555
smle,"(4, 16)","(680, 17)",1,0.17,0.17,40415955448496.78
naivesafe,"(4, 16)","(680, 270)",0,0.21,0.21,40514880151052.92
naivesafe,"(4, 16)","(680, 270)",1,0.21,0.21,40796437862541.664
smle,"(4, 16)","(680, 270)",1,0.21,0.21,40417966853870.6
smle,"(4, 16)","(680, 270)",0,0.21,0.21,40418781359891.29
naivesafe,"(4, 16)","(537, 82)",1,0.23,0.23,40781955541227.28
naivesafe,"(4, 16)","(537, 82)",0,0.23,0.23,40481163976358.17
smle,"(4, 16)","(537, 82)",1,0.23,0.23,40164401667759.016
smle,"(4, 16)","(537, 82)",0,0.23,0.23,40174973323567.336
smle,"(4, 16)","(537, 537)",0,0.29,0.28,40173948453786.09
smle,"(4, 16)","(537, 537)",1,0.29,0.28,40175358243669.96
naivesafe,"(4, 16)","(537, 537)",1,0.29,0.28,40784732116195.74
naivesafe,"(4, 16)","(537, 537)",0,0.29,0.28,40487308031890.52
smle,"(4, 16)","(980, 82)",0,0.4,0.39,41125905777761.51
smle,"(4, 16)","(980, 82)",1,0.4,0.39,41124347617370.5
naivesafe,"(4, 16)","(980, 82)",0,0.4,0.39,40689143270162.58
naivesafe,"(4, 16)","(980, 82)",1,0.4,0.39,40928757865009.84
smle,"(4, 16)","(537, 17)",0,0.4,0.41,40171040567560.016
smle,"(4, 16)","(537, 17)",1,0.4,0.41,40187072414278.6
naivesafe,"(4, 16)","(537, 17)",0,0.4,0.41,40490966117488.51
naivesafe,"(4, 16)","(537, 17)",1,0.4,0.41,40786754373149.55
smle,"(4, 16)","(980, 537)",0,0.46,0.44,41123857171952.88
smle,"(4, 16)","(980, 537)",1,0.46,0.44,41124552898806.68
naivesafe,"(4, 16)","(980, 537)",1,0.46,0.44,40898857036378.85
naivesafe,"(4, 16)","(980, 537)",0,0.46,0.44,40649255017961.28
smle,"(4, 16)","(537, 270)",0,0.47,0.48,40178642991749.48
smle,"(4, 16)","(537, 270)",1,0.47,0.48,40176057265567.875
naivesafe,"(4, 16)","(537, 270)",1,0.47,0.48,40793377864447.48
naivesafe,"(4, 16)","(537, 270)",0,0.47,0.48,40508468661794.76
naivesafe,"(4, 16)","(980, 17)",1,0.59,0.59,40889475177987.27
naivesafe,"(4, 16)","(980, 17)",0,0.59,0.59,40639764775692.06
smle,"(4, 16)","(980, 17)",1,0.59,0.59,41121510429642.62
smle,"(4, 16)","(980, 17)",0,0.59,0.59,41122423420734.37
smle,"(4, 16)","(980, 270)",0,0.69,0.68,41121904127963.59
smle,"(4, 16)","(980, 270)",1,0.69,0.68,41120856729139.75
naivesafe,"(4, 16)","(980, 270)",1,0.69,0.68,40839904706870.43
naivesafe,"(4, 16)","(980, 270)",0,0.69,0.68,40572609615841.83
naivesafe,"(8, 2)","(30, 688)",0,0.0,0.0,0.02823320761723567
naivesafe,"(8, 2)","(30, 710)",0,0.0,0.0,0.02823320761723567
naivesafe,"(8, 2)","(30, 710)",1,0.0,0.0,0.14430822880531705
naivesafe,"(8, 2)","(30, 688)",1,0.0,0.0,0.14430822880531705
naivesafe,"(8, 2)","(30, 537)",0,0.0,0.0,0.02823320761723567
smle,"(8, 2)","(501, 688)",0,0.0,0.0,0.19712239031353485
smle,"(8, 2)","(501, 688)",1,0.0,0.0,0.20735937582131936
naivesafe,"(8, 2)","(30, 537)",1,0.0,0.0,0.14430822880531705
smle,"(8, 2)","(30, 688)",0,0.0,0.0,0.034463354343742675
smle,"(8, 2)","(30, 710)",0,0.0,0.0,0.04854346689261201
smle,"(8, 2)","(30, 710)",1,0.0,0.0,0.037697880355329644
smle,"(8, 2)","(30, 688)",1,0.0,0.0,0.04787103552009686
smle,"(8, 2)","(933, 688)",0,0.0,0.0,1.433490938180064
smle,"(8, 2)","(159, 688)",1,0.0,0.0,1.7095690944983704
smle,"(8, 2)","(159, 688)",0,0.0,0.0,1.7344605909604125
smle,"(8, 2)","(933, 688)",1,0.0,0.0,1.4200876492086536
smle,"(8, 2)","(30, 537)",0,0.0,0.0,0.030834539240566977
smle,"(8, 2)","(30, 537)",1,0.0,0.0,0.035875364893409784
naivesafe,"(8, 2)","(501, 688)",0,0.0,0.0,0.02823320761723567
naivesafe,"(8, 2)","(30, 580)",0,0.0,0.0,0.02823320761723567
naivesafe,"(8, 2)","(30, 580)",1,0.0,0.0,0.14430822880531705
naivesafe,"(8, 2)","(501, 688)",1,0.0,0.0,0.14430822880531705
smle,"(8, 2)","(30, 580)",0,0.0,0.0,0.050249285443634245
smle,"(8, 2)","(30, 580)",1,0.0,0.0,0.046624397456553134
unsafe,"(8, 2)","(-1, -1)",0,0.0,0.0,0.02823322493195596
naivesafe,"(8, 2)","(159, 688)",1,0.0,0.0,0.14430822880531705
naivesafe,"(8, 2)","(933, 688)",0,0.0,0.0,0.02823320761723567
naivesafe,"(8, 2)","(933, 688)",1,0.0,0.0,0.14430822880531705
naivesafe,"(8, 2)","(159, 688)",0,0.0,0.0,0.02823320761723567
unsafe,"(8, 2)","(-1, -1)",1,0.0,0.0,0.14430823249208866
smle,"(8, 2)","(501, 710)",0,0.02,0.01,0.22480790455079203
smle,"(8, 2)","(501, 710)",1,0.02,0.01,0.2093702717800369
naivesafe,"(8, 2)","(501, 710)",0,0.02,0.01,0.032295265224121406
naivesafe,"(8, 2)","(501, 710)",1,0.02,0.01,0.14735326914989444
smle,"(8, 2)","(501, 537)",0,0.05,0.05,0.2566383504651746
smle,"(8, 2)","(501, 537)",1,0.05,0.05,0.27135075115463436
naivesafe,"(8, 2)","(501, 537)",0,0.05,0.05,0.0496697592811019
naivesafe,"(8, 2)","(501, 537)",1,0.05,0.05,0.16409152426382054
smle,"(8, 2)","(159, 710)",1,0.06,0.06,1.8345696186893061
smle,"(8, 2)","(933, 710)",0,0.06,0.06,1.4334206963708542
smle,"(8, 2)","(933, 710)",1,0.06,0.06,1.4581005246239367
smle,"(8, 2)","(159, 710)",0,0.06,0.06,2.022199614798663
naivesafe,"(8, 2)","(933, 710)",0,0.06,0.06,0.11842107994129153
naivesafe,"(8, 2)","(159, 710)",1,0.06,0.06,0.3383284886189202
naivesafe,"(8, 2)","(159, 710)",0,0.06,0.06,0.22528983298649596
naivesafe,"(8, 2)","(933, 710)",1,0.06,0.06,0.23204019406260287
naivesafe,"(8, 2)","(501, 580)",0,0.09,0.08,0.4175172525254329
naivesafe,"(8, 2)","(501, 580)",1,0.09,0.08,0.5292049581300332
smle,"(8, 2)","(501, 580)",0,0.09,0.08,0.5642504771143506
smle,"(8, 2)","(501, 580)",1,0.09,0.08,0.5608352682243773
smle,"(8, 2)","(159, 537)",1,0.12,0.1,1.8607616496691728
smle,"(8, 2)","(159, 537)",0,0.12,0.1,1.8706322333869292
naivesafe,"(8, 2)","(159, 537)",1,0.12,0.1,0.17953035218594182
naivesafe,"(8, 2)","(159, 537)",0,0.12,0.1,0.06662563228720235
smle,"(8, 2)","(933, 537)",0,0.2,0.19,1.5247698323665246
smle,"(8, 2)","(933, 537)",1,0.2,0.19,1.5300224034697778
naivesafe,"(8, 2)","(933, 537)",0,0.2,0.19,0.1005492069330571
naivesafe,"(8, 2)","(933, 537)",1,0.2,0.19,0.21030887984292201
naivesafe,"(8, 2)","(159, 580)",1,0.24,0.23,4.2534462616498825
naivesafe,"(8, 2)","(159, 580)",0,0.24,0.23,4.158134856266739
smle,"(8, 2)","(159, 580)",1,0.24,0.23,5.174085903030185
smle,"(8, 2)","(159, 580)",0,0.24,0.23,5.091035614673398
naivesafe,"(8, 2)","(933, 580)",0,0.36,0.35,3.0203411193007943
naivesafe,"(8, 2)","(933, 580)",1,0.36,0.35,3.1171298127458034
smle,"(8, 2)","(933, 580)",0,0.36,0.35,3.9972858007116443
smle,"(8, 2)","(933, 580)",1,0.36,0.35,4.193118368621377
naivesafe,"(8, 4)","(30, 284)",1,0.0,0.0,22.868347300484466
smle,"(8, 4)","(30, 982)",1,0.0,0.0,14.727627302071578
smle,"(8, 4)","(30, 982)",0,0.0,0.0,14.040511072981673
naivesafe,"(8, 4)","(30, 284)",0,0.0,0.0,14.48363048825781
smle,"(8, 4)","(30, 284)",1,0.0,0.0,15.590537243669708
naivesafe,"(8, 4)","(30, 982)",1,0.0,0.0,22.868347300484466
naivesafe,"(8, 4)","(30, 982)",0,0.0,0.0,14.48363048825781
smle,"(8, 4)","(30, 284)",0,0.0,0.0,15.225032800389231
naivesafe,"(8, 4)","(30, 624)",1,0.0,0.0,22.868347300484466
naivesafe,"(8, 4)","(30, 624)",0,0.0,0.0,14.48363048825781
smle,"(8, 4)","(30, 565)",0,0.0,0.0,13.923834806115819
smle,"(8, 4)","(30, 565)",1,0.0,0.0,15.565348867420713
smle,"(8, 4)","(30, 624)",1,0.0,0.0,14.003363145970638
smle,"(8, 4)","(30, 624)",0,0.0,0.0,15.858696212197533
naivesafe,"(8, 4)","(30, 565)",0,0.0,0.0,14.48363048825781
naivesafe,"(8, 4)","(30, 565)",1,0.0,0.0,22.868347300484466
unsafe,"(8, 4)","(-1, -1)",0,0.0,0.0,14.48363048825781
unsafe,"(8, 4)","(-1, -1)",1,0.0,0.0,22.868347300484466
smle,"(8, 4)","(501, 624)",0,0.02,0.01,19.92918076414047
smle,"(8, 4)","(501, 624)",1,0.02,0.01,21.021153689682052
naivesafe,"(8, 4)","(501, 624)",0,0.02,0.01,14.483540105698603
naivesafe,"(8, 4)","(501, 624)",1,0.02,0.01,22.868162530240216
smle,"(8, 4)","(159, 624)",1,0.04,0.03,317.7214367697237
smle,"(8, 4)","(159, 624)",0,0.04,0.03,318.9660747199651
naivesafe,"(8, 4)","(159, 624)",1,0.04,0.03,22.868115113545088
naivesafe,"(8, 4)","(159, 624)",0,0.04,0.03,14.48343038468349
smle,"(8, 4)","(501, 565)",1,0.04,0.04,21.123267978836292
smle,"(8, 4)","(501, 565)",0,0.04,0.04,21.303034417705263
naivesafe,"(8, 4)","(501, 565)",1,0.04,0.04,22.868347300484466
naivesafe,"(8, 4)","(501, 565)",0,0.04,0.04,14.483640040744389
naivesafe,"(8, 4)","(501, 284)",0,0.05,0.05,14.970638189850776
naivesafe,"(8, 4)","(501, 284)",1,0.05,0.05,23.351698091171848
smle,"(8, 4)","(501, 284)",0,0.05,0.05,24.504497200416882
smle,"(8, 4)","(501, 284)",1,0.05,0.05,21.753833911023538
smle,"(8, 4)","(933, 624)",0,0.06,0.06,136.3398582115528
smle,"(8, 4)","(933, 624)",1,0.06,0.06,134.76339098332963
naivesafe,"(8, 4)","(933, 624)",0,0.06,0.06,14.48327529301433
naivesafe,"(8, 4)","(933, 624)",1,0.06,0.06,22.867809564670793
smle,"(8, 4)","(159, 565)",0,0.08,0.07,310.967967821292
smle,"(8, 4)","(159, 565)",1,0.08,0.07,310.26420409188995
naivesafe,"(8, 4)","(159, 565)",0,0.08,0.07,14.483646778136293
naivesafe,"(8, 4)","(159, 565)",1,0.08,0.07,22.868347300484466
naivesafe,"(8, 4)","(501, 982)",0,0.09,0.08,14.743652770175235
naivesafe,"(8, 4)","(501, 982)",1,0.09,0.08,23.114667178081522
smle,"(8, 4)","(501, 982)",0,0.09,0.08,19.84566731394369
smle,"(8, 4)","(501, 982)",1,0.09,0.08,22.015542568091057
naivesafe,"(8, 4)","(159, 284)",1,0.14,0.13,31.11189180009557
naivesafe,"(8, 4)","(159, 284)",0,0.14,0.13,22.792146378427333
smle,"(8, 4)","(159, 284)",1,0.14,0.13,324.42983117424484
smle,"(8, 4)","(159, 284)",0,0.14,0.13,325.5836470044682
smle,"(8, 4)","(933, 565)",1,0.15,0.14,136.72857021487837
smle,"(8, 4)","(933, 565)",0,0.15,0.14,135.69043928447144
naivesafe,"(8, 4)","(933, 565)",1,0.15,0.14,22.868347300484466
naivesafe,"(8, 4)","(933, 565)",0,0.15,0.14,14.48367209799817
naivesafe,"(8, 4)","(933, 284)",0,0.23,0.21,19.108192108848197
naivesafe,"(8, 4)","(933, 284)",1,0.23,0.21,27.46646954122563
smle,"(8, 4)","(933, 284)",0,0.23,0.21,138.38387327226692
smle,"(8, 4)","(933, 284)",1,0.23,0.21,139.5982649864046
naivesafe,"(8, 4)","(159, 982)",1,0.24,0.23,26.398178932326765
naivesafe,"(8, 4)","(159, 982)",0,0.24,0.23,18.077953119362807
smle,"(8, 4)","(159, 982)",1,0.24,0.23,318.0433434199622
smle,"(8, 4)","(159, 982)",0,0.24,0.23,315.68154702719244
naivesafe,"(8, 4)","(933, 982)",0,0.36,0.35,16.67826295569221
naivesafe,"(8, 4)","(933, 982)",1,0.36,0.35,25.00650226874656
smle,"(8, 4)","(933, 982)",0,0.36,0.35,137.43411595704958
smle,"(8, 4)","(933, 982)",1,0.36,0.35,135.55807650986515
unsafe,"(8, 8)","(-1, -1)",1,0.0,0.0,183744723.47400334
unsafe,"(8, 8)","(-1, -1)",0,0.0,0.0,170324851.2522958
smle,"(8, 8)","(30, 839)",0,0.0,0.0,157625402.90350044
smle,"(8, 8)","(30, 839)",1,0.0,0.0,158489539.17399386
smle,"(8, 8)","(30, 70)",0,0.0,0.0,158161656.9330902
smle,"(8, 8)","(30, 70)",1,0.0,0.0,158112003.6312168
naivesafe,"(8, 8)","(30, 839)",0,0.0,0.0,170324841.9314011
naivesafe,"(8, 8)","(30, 839)",1,0.0,0.0,183744724.47315252
naivesafe,"(8, 8)","(30, 70)",1,0.0,0.0,183744724.47315252
smle,"(8, 8)","(30, 600)",0,0.0,0.0,157843943.60866335
naivesafe,"(8, 8)","(30, 420)",0,0.0,0.0,170324841.9314011
naivesafe,"(8, 8)","(30, 420)",1,0.0,0.0,183744724.47315252
smle,"(8, 8)","(30, 600)",1,0.0,0.0,157677420.40421486
naivesafe,"(8, 8)","(30, 70)",0,0.0,0.0,170324841.9314011
naivesafe,"(8, 8)","(30, 600)",0,0.0,0.0,170324841.9314011
smle,"(8, 8)","(30, 420)",0,0.0,0.0,158469233.62204686
smle,"(8, 8)","(30, 420)",1,0.0,0.0,158207607.17421365
naivesafe,"(8, 8)","(30, 600)",1,0.0,0.0,183744724.47315252
smle,"(8, 8)","(501, 839)",0,0.04,0.02,158189234.15657887
smle,"(8, 8)","(501, 839)",1,0.04,0.02,158075511.4921624
naivesafe,"(8, 8)","(501, 839)",0,0.04,0.02,170320335.86847934
naivesafe,"(8, 8)","(501, 839)",1,0.04,0.02,183740877.85345486
naivesafe,"(8, 8)","(501, 600)",0,0.06,0.05,170323891.04875296
naivesafe,"(8, 8)","(501, 600)",1,0.06,0.05,183744526.87726316
smle,"(8, 8)","(501, 600)",0,0.06,0.05,157477602.6950643
smle,"(8, 8)","(501, 600)",1,0.06,0.05,158176741.58194593
smle,"(8, 8)","(501, 70)",1,0.06,0.06,157759251.12050077
smle,"(8, 8)","(501, 70)",0,0.06,0.06,157544922.48941165
naivesafe,"(8, 8)","(501, 70)",1,0.06,0.06,183744118.90909794
naivesafe,"(8, 8)","(501, 70)",0,0.06,0.06,170322263.1293704
naivesafe,"(8, 8)","(501, 420)",0,0.09,0.08,170314494.58061987
naivesafe,"(8, 8)","(501, 420)",1,0.09,0.08,183735612.63701242
smle,"(8, 8)","(501, 420)",0,0.09,0.08,157673058.64242724
smle,"(8, 8)","(501, 420)",1,0.09,0.08,157888316.76579008
smle,"(8, 8)","(159, 839)",1,0.11,0.12,176997799.51004964
smle,"(8, 8)","(159, 839)",0,0.11,0.12,177565821.02254444
naivesafe,"(8, 8)","(159, 839)",1,0.11,0.12,186048472.8357118
naivesafe,"(8, 8)","(159, 839)",0,0.11,0.12,172590375.1553476
naivesafe,"(8, 8)","(159, 70)",1,0.14,0.13,183741519.6930083
naivesafe,"(8, 8)","(159, 70)",0,0.14,0.13,170314227.92794693
smle,"(8, 8)","(159, 70)",1,0.14,0.13,177059992.2917294
smle,"(8, 8)","(159, 70)",0,0.14,0.13,176322358.1292517
smle,"(8, 8)","(933, 839)",0,0.14,0.14,156075797.0383455
smle,"(8, 8)","(933, 839)",1,0.14,0.14,156343089.82563642
naivesafe,"(8, 8)","(933, 839)",0,0.14,0.14,170456575.74375102
naivesafe,"(8, 8)","(933, 839)",1,0.14,0.14,183931118.967044
naivesafe,"(8, 8)","(159, 600)",1,0.18,0.19,183724280.36157933
naivesafe,"(8, 8)","(159, 600)",0,0.18,0.19,170298464.6078804
smle,"(8, 8)","(159, 600)",1,0.18,0.19,177288585.72292307
smle,"(8, 8)","(159, 600)",0,0.18,0.19,176728910.9288547
naivesafe,"(8, 8)","(933, 70)",0,0.23,0.22,170317066.04884905
naivesafe,"(8, 8)","(933, 70)",1,0.23,0.22,183742390.50752875
smle,"(8, 8)","(933, 70)",0,0.23,0.22,155409623.158065
smle,"(8, 8)","(933, 70)",1,0.23,0.22,156047458.81705612
naivesafe,"(8, 8)","(159, 420)",1,0.24,0.23,188076327.22942537
naivesafe,"(8, 8)","(159, 420)",0,0.24,0.23,174690185.6208355
smle,"(8, 8)","(159, 420)",1,0.24,0.23,177066742.54856768
smle,"(8, 8)","(159, 420)",0,0.24,0.23,177045279.36134434
naivesafe,"(8, 8)","(933, 600)",0,0.26,0.26,170309345.52980515
naivesafe,"(8, 8)","(933, 600)",1,0.26,0.26,183733056.29640913
smle,"(8, 8)","(933, 600)",0,0.26,0.26,156891148.95828167
smle,"(8, 8)","(933, 600)",1,0.26,0.26,155882657.34901482
naivesafe,"(8, 8)","(933, 420)",0,0.36,0.35,170768198.3149128
naivesafe,"(8, 8)","(933, 420)",1,0.36,0.35,184269436.14429334
smle,"(8, 8)","(933, 420)",0,0.36,0.35,156659048.9777919
smle,"(8, 8)","(933, 420)",1,0.36,0.35,156563363.9702781
smle,"(8, 16)","(30, 821)",0,0.0,0.0,2.769548898090878e+20
smle,"(8, 16)","(30, 821)",1,0.0,0.0,2.769557586247952e+20
smle,"(8, 16)","(30, 199)",0,0.0,0.0,2.7695470208975425e+20
smle,"(8, 16)","(30, 770)",1,0.0,0.0,2.7695464927774065e+20
smle,"(8, 16)","(30, 770)",0,0.0,0.0,2.7695382744884937e+20
smle,"(8, 16)","(30, 199)",1,0.0,0.0,2.7695536806384045e+20
naivesafe,"(8, 16)","(30, 270)",0,0.0,0.0,2.769609488373608e+20
unsafe,"(8, 16)","(-1, -1)",0,0.0,0.0,2.7696094883311508e+20
unsafe,"(8, 16)","(-1, -1)",1,0.0,0.0,2.769897827955129e+20
naivesafe,"(8, 16)","(30, 270)",1,0.0,0.0,2.7698978279484038e+20
naivesafe,"(8, 16)","(30, 199)",0,0.0,0.0,2.769609488373608e+20
naivesafe,"(8, 16)","(30, 770)",1,0.0,0.0,2.7698978279484038e+20
naivesafe,"(8, 16)","(30, 770)",0,0.0,0.0,2.769609488373608e+20
naivesafe,"(8, 16)","(30, 199)",1,0.0,0.0,2.7698978279484038e+20
naivesafe,"(8, 16)","(30, 821)",0,0.0,0.0,2.769609488373608e+20
naivesafe,"(8, 16)","(30, 821)",1,0.0,0.0,2.7698978279484038e+20
smle,"(8, 16)","(30, 270)",0,0.0,0.0,2.7695528237342507e+20
smle,"(8, 16)","(30, 270)",1,0.0,0.0,2.7695513031001375e+20
naivesafe,"(8, 16)","(501, 199)",0,0.05,0.05,2.769609488373608e+20
naivesafe,"(8, 16)","(501, 199)",1,0.05,0.05,2.7698978279484038e+20
smle,"(8, 16)","(501, 199)",1,0.05,0.05,2.7695402167444724e+20
smle,"(8, 16)","(501, 199)",0,0.05,0.05,2.7695517882298027e+20
naivesafe,"(8, 16)","(501, 821)",0,0.07,0.05,2.7696093960603248e+20
naivesafe,"(8, 16)","(501, 821)",1,0.07,0.05,2.7698978084477328e+20
smle,"(8, 16)","(501, 821)",1,0.07,0.05,2.769551867969812e+20
smle,"(8, 16)","(501, 821)",0,0.07,0.05,2.769550416592167e+20
naivesafe,"(8, 16)","(501, 770)",1,0.08,0.07,2.7698976858738586e+20
naivesafe,"(8, 16)","(501, 770)",0,0.08,0.07,2.7696090077077527e+20
smle,"(8, 16)","(501, 770)",0,0.08,0.07,2.7695397132388726e+20
smle,"(8, 16)","(501, 770)",1,0.08,0.07,2.7695562521601445e+20
smle,"(8, 16)","(501, 270)",1,0.09,0.08,2.7695504502589335e+20
smle,"(8, 16)","(501, 270)",0,0.09,0.08,2.7695477682447214e+20
naivesafe,"(8, 16)","(501, 270)",0,0.09,0.08,2.769609410949667e+20
naivesafe,"(8, 16)","(501, 270)",1,0.09,0.08,2.7698978075060653e+20
smle,"(8, 16)","(159, 199)",0,0.12,0.11,2.7697373132013165e+20
smle,"(8, 16)","(159, 199)",1,0.12,0.11,2.7697348958090953e+20
naivesafe,"(8, 16)","(159, 199)",1,0.12,0.11,2.7698978279484038e+20
naivesafe,"(8, 16)","(159, 199)",0,0.12,0.11,2.769609488373608e+20
smle,"(8, 16)","(159, 821)",0,0.19,0.19,2.7697331799484128e+20
smle,"(8, 16)","(159, 821)",1,0.19,0.19,2.769735495523647e+20
naivesafe,"(8, 16)","(159, 821)",1,0.19,0.19,2.7699036805240943e+20
naivesafe,"(8, 16)","(159, 821)",0,0.19,0.19,2.7696210839479943e+20
smle,"(8, 16)","(933, 199)",1,0.21,0.2,2.7695626556999333e+20
smle,"(8, 16)","(933, 199)",0,0.21,0.2,2.769565724631095e+20
naivesafe,"(8, 16)","(933, 199)",0,0.21,0.2,2.769609488373608e+20
naivesafe,"(8, 16)","(933, 199)",1,0.21,0.2,2.7698978279484038e+20
smle,"(8, 16)","(159, 770)",1,0.21,0.21,2.769732985376721e+20
smle,"(8, 16)","(159, 770)",0,0.21,0.21,2.7697367047842346e+20
naivesafe,"(8, 16)","(159, 770)",0,0.21,0.21,2.769630585679492e+20
naivesafe,"(8, 16)","(159, 770)",1,0.21,0.21,2.7699098322939786e+20
naivesafe,"(8, 16)","(159, 270)",1,0.24,0.23,2.76989910910767e+20
naivesafe,"(8, 16)","(159, 270)",0,0.24,0.23,2.7696121006478996e+20
smle,"(8, 16)","(159, 270)",0,0.24,0.23,2.7697357584032327e+20
smle,"(8, 16)","(159, 270)",1,0.24,0.23,2.7697332788371453e+20
smle,"(8, 16)","(933, 821)",1,0.26,0.26,2.769563738462438e+20
smle,"(8, 16)","(933, 821)",0,0.26,0.26,2.769560909553604e+20
naivesafe,"(8, 16)","(933, 821)",0,0.26,0.26,2.769610668000603e+20
naivesafe,"(8, 16)","(933, 821)",1,0.26,0.26,2.7698985496778238e+20
smle,"(8, 16)","(933, 770)",0,0.3,0.3,2.7695743193061206e+20
smle,"(8, 16)","(933, 770)",1,0.3,0.3,2.769560803780093e+20
naivesafe,"(8, 16)","(933, 770)",1,0.3,0.3,2.7698987721398924e+20
naivesafe,"(8, 16)","(933, 770)",0,0.3,0.3,2.7696100802850632e+20
naivesafe,"(8, 16)","(933, 270)",0,0.36,0.35,2.7696095049156028e+20
naivesafe,"(8, 16)","(933, 270)",1,0.36,0.35,2.7698979185273553e+20
smle,"(8, 16)","(933, 270)",1,0.36,0.35,2.7695633489221137e+20
smle,"(8, 16)","(933, 270)",0,0.36,0.35,2.769562096714274e+20
naivesafe,"(16, 2)","(616, 580)",0,0.0,0.0,0.03214230450682132
naivesafe,"(16, 2)","(616, 580)",1,0.0,0.0,0.0724575692603215
naivesafe,"(16, 2)","(246, 688)",1,0.0,0.0,0.0724575692603215
naivesafe,"(16, 2)","(616, 855)",1,0.0,0.0,0.0724575692603215
naivesafe,"(16, 2)","(616, 855)",0,0.0,0.0,0.03214230450682132
naivesafe,"(16, 2)","(246, 688)",0,0.0,0.0,0.03214230450682132
smle,"(16, 2)","(381, 688)",0,0.0,0.0,0.32203033570808515
smle,"(16, 2)","(711, 688)",1,0.0,0.0,1.1345167645251748
smle,"(16, 2)","(711, 688)",0,0.0,0.0,1.1204930639852972
smle,"(16, 2)","(381, 688)",1,0.0,0.0,0.32909874017909324
naivesafe,"(16, 2)","(711, 688)",0,0.0,0.0,0.03214230450682132
naivesafe,"(16, 2)","(381, 688)",1,0.0,0.0,0.0724575692603215
naivesafe,"(16, 2)","(381, 688)",0,0.0,0.0,0.03214230450682132
naivesafe,"(16, 2)","(711, 688)",1,0.0,0.0,0.0724575692603215
smle,"(16, 2)","(616, 855)",0,0.0,0.0,0.045220213121270024
smle,"(16, 2)","(246, 688)",0,0.0,0.0,2.4098974197188365
smle,"(16, 2)","(246, 688)",1,0.0,0.0,2.4049620796573667
smle,"(16, 2)","(616, 855)",1,0.0,0.0,0.04043161667757812
smle,"(16, 2)","(616, 580)",1,0.0,0.0,0.03977287603435044
smle,"(16, 2)","(616, 65)",1,0.0,0.0,0.044537356974917314
smle,"(16, 2)","(616, 65)",0,0.0,0.0,0.045395576843143305
smle,"(16, 2)","(616, 580)",0,0.0,0.0,0.04667841458526747
naivesafe,"(16, 2)","(616, 688)",0,0.0,0.0,0.03214230450682132
naivesafe,"(16, 2)","(616, 688)",1,0.0,0.0,0.0724575692603215
naivesafe,"(16, 2)","(616, 65)",1,0.0,0.0,0.0724575692603215
naivesafe,"(16, 2)","(616, 65)",0,0.0,0.0,0.03214230450682132
smle,"(16, 2)","(616, 688)",1,0.0,0.0,0.05588645137934814
smle,"(16, 2)","(616, 688)",0,0.0,0.0,0.04128287102156245
unsafe,"(16, 2)","(-1, -1)",0,0.0,0.0,0.03214230450682132
unsafe,"(16, 2)","(-1, -1)",1,0.0,0.0,0.0724575692603215
naivesafe,"(16, 2)","(381, 65)",1,0.01,0.01,0.07226672190643502
naivesafe,"(16, 2)","(381, 65)",0,0.01,0.01,0.032140277743690514
smle,"(16, 2)","(381, 65)",1,0.01,0.01,0.22886743541748258
smle,"(16, 2)","(381, 65)",0,0.01,0.01,0.24164255548347607
naivesafe,"(16, 2)","(711, 65)",1,0.01,0.02,0.07238574724110537
naivesafe,"(16, 2)","(711, 65)",0,0.01,0.02,0.032135304468507514
smle,"(16, 2)","(381, 855)",1,0.01,0.02,0.3587521180035352
smle,"(16, 2)","(381, 855)",0,0.01,0.02,0.35644755639694836
smle,"(16, 2)","(711, 65)",1,0.01,0.02,1.0676977362601268
smle,"(16, 2)","(711, 65)",0,0.01,0.02,1.0957634704547465
naivesafe,"(16, 2)","(381, 855)",0,0.01,0.02,0.0498283311272335
naivesafe,"(16, 2)","(381, 855)",1,0.01,0.02,0.08996061070732113
smle,"(16, 2)","(246, 65)",1,0.02,0.02,2.0278039933383916
smle,"(16, 2)","(246, 65)",0,0.02,0.02,1.9847449984039143
naivesafe,"(16, 2)","(246, 65)",1,0.02,0.02,0.0720468228145918
naivesafe,"(16, 2)","(246, 65)",0,0.02,0.02,0.032114841743260805
smle,"(16, 2)","(381, 580)",0,0.04,0.03,0.9026463991314424
smle,"(16, 2)","(381, 580)",1,0.04,0.03,0.9038644914110248
naivesafe,"(16, 2)","(381, 580)",1,0.04,0.03,0.7901452535278657
naivesafe,"(16, 2)","(381, 580)",0,0.04,0.03,0.7512860381706709
smle,"(16, 2)","(711, 855)",0,0.04,0.05,1.2704067435416193
smle,"(16, 2)","(711, 855)",1,0.04,0.05,1.2650476301424172
naivesafe,"(16, 2)","(711, 855)",1,0.04,0.05,0.16596510613521137
naivesafe,"(16, 2)","(711, 855)",0,0.04,0.05,0.12592337204284706
naivesafe,"(16, 2)","(246, 855)",0,0.05,0.05,0.12994503096565324
naivesafe,"(16, 2)","(246, 855)",1,0.05,0.05,0.1695372043200973
smle,"(16, 2)","(246, 855)",1,0.05,0.05,2.642586594751378
smle,"(16, 2)","(246, 855)",0,0.05,0.05,2.6297373792356473
smle,"(16, 2)","(711, 580)",1,0.08,0.09,2.5324698243141937
smle,"(16, 2)","(711, 580)",0,0.08,0.09,2.5367801849092078
naivesafe,"(16, 2)","(711, 580)",0,0.08,0.09,2.1172301805028066
naivesafe,"(16, 2)","(711, 580)",1,0.08,0.09,2.155132752508782
naivesafe,"(16, 2)","(246, 580)",1,0.12,0.13,4.684704368990407
naivesafe,"(16, 2)","(246, 580)",0,0.12,0.13,4.647579669906629
smle,"(16, 2)","(246, 580)",0,0.12,0.13,5.543001595516728
smle,"(16, 2)","(246, 580)",1,0.12,0.13,5.530248735931869
smle,"(16, 4)","(616, 139)",0,0.0,0.0,41.08629528580235
smle,"(16, 4)","(616, 139)",1,0.0,0.0,43.323713115648594
naivesafe,"(16, 4)","(616, 139)",1,0.0,0.0,41.836514887181465
naivesafe,"(16, 4)","(616, 139)",0,0.0,0.0,43.09443770714588
smle,"(16, 4)","(616, 19)",1,0.0,0.0,40.21661347473285
smle,"(16, 4)","(616, 19)",0,0.0,0.0,43.92114912676013
smle,"(16, 4)","(616, 624)",1,0.0,0.0,43.181291153163016
smle,"(16, 4)","(616, 624)",0,0.0,0.0,43.049174162960284
naivesafe,"(16, 4)","(616, 625)",0,0.0,0.0,43.09443770714588
naivesafe,"(16, 4)","(616, 625)",1,0.0,0.0,41.836514887181465
smle,"(16, 4)","(616, 625)",1,0.0,0.0,41.908755353837904
smle,"(16, 4)","(616, 625)",0,0.0,0.0,43.75267170182385
naivesafe,"(16, 4)","(616, 19)",1,0.0,0.0,41.836514887181465
unsafe,"(16, 4)","(-1, -1)",0,0.0,0.0,43.094430446538524
unsafe,"(16, 4)","(-1, -1)",1,0.0,0.0,41.83652732660602
naivesafe,"(16, 4)","(616, 19)",0,0.0,0.0,43.09443770714588
naivesafe,"(16, 4)","(616, 624)",0,0.0,0.0,43.09443770714588
naivesafe,"(16, 4)","(616, 624)",1,0.0,0.0,41.836514887181465
naivesafe,"(16, 4)","(381, 624)",1,0.01,0.0,41.836514887181465
naivesafe,"(16, 4)","(381, 624)",0,0.01,0.0,43.09442789612046
smle,"(16, 4)","(381, 624)",0,0.01,0.0,94.47942231315618
smle,"(16, 4)","(381, 624)",1,0.01,0.0,93.36807075796695
smle,"(16, 4)","(381, 625)",0,0.01,0.01,101.61955693251791
smle,"(16, 4)","(381, 625)",1,0.01,0.01,101.1599682560459
naivesafe,"(16, 4)","(711, 624)",0,0.01,0.01,43.08965133065091
naivesafe,"(16, 4)","(711, 624)",1,0.01,0.01,41.835441315039766
smle,"(16, 4)","(711, 624)",1,0.01,0.01,379.00745905044886
smle,"(16, 4)","(711, 624)",0,0.01,0.01,377.58235264336713
naivesafe,"(16, 4)","(381, 625)",1,0.01,0.01,41.83674370544698
naivesafe,"(16, 4)","(381, 625)",0,0.01,0.01,43.09533128514088
smle,"(16, 4)","(246, 624)",0,0.02,0.02,1074.4810353597823
smle,"(16, 4)","(246, 624)",1,0.02,0.02,1068.2989239811998
naivesafe,"(16, 4)","(246, 624)",1,0.02,0.02,41.83539041090271
naivesafe,"(16, 4)","(246, 624)",0,0.02,0.02,43.08957234282578
naivesafe,"(16, 4)","(381, 139)",0,0.03,0.02,46.440280145724664
naivesafe,"(16, 4)","(381, 139)",1,0.03,0.02,45.182447835789446
smle,"(16, 4)","(381, 139)",1,0.03,0.02,97.0380706537887
smle,"(16, 4)","(381, 139)",0,0.03,0.02,98.29826473422557
smle,"(16, 4)","(711, 625)",1,0.03,0.04,388.99663596740805
smle,"(16, 4)","(711, 625)",0,0.03,0.04,386.32552127540856
naivesafe,"(16, 4)","(711, 625)",0,0.03,0.04,43.09730884032463
naivesafe,"(16, 4)","(711, 625)",1,0.03,0.04,41.83922154634333
naivesafe,"(16, 4)","(381, 19)",1,0.04,0.03,42.200872610396374
naivesafe,"(16, 4)","(381, 19)",0,0.04,0.03,43.46449344035576
smle,"(16, 4)","(381, 19)",1,0.04,0.03,102.08702634128568
smle,"(16, 4)","(381, 19)",0,0.04,0.03,102.86120387865063
naivesafe,"(16, 4)","(246, 625)",1,0.05,0.05,41.839292992275944
naivesafe,"(16, 4)","(246, 625)",0,0.05,0.05,43.0992751492855
smle,"(16, 4)","(246, 625)",0,0.05,0.05,1143.6823652519492
smle,"(16, 4)","(246, 625)",1,0.05,0.05,1141.79311218281
naivesafe,"(16, 4)","(711, 139)",1,0.05,0.06,44.082951382215896
naivesafe,"(16, 4)","(711, 139)",0,0.05,0.06,45.34430995065264
smle,"(16, 4)","(711, 139)",0,0.05,0.06,359.58942972088835
smle,"(16, 4)","(711, 139)",1,0.05,0.06,359.598825531484
naivesafe,"(16, 4)","(711, 19)",1,0.08,0.09,55.93712443522138
naivesafe,"(16, 4)","(711, 19)",0,0.08,0.09,57.192812266603156
smle,"(16, 4)","(711, 19)",1,0.08,0.09,391.9487240344491
smle,"(16, 4)","(711, 19)",0,0.08,0.09,391.0098140102457
smle,"(16, 4)","(246, 139)",1,0.09,0.09,1085.5379106876649
smle,"(16, 4)","(246, 139)",0,0.09,0.09,1088.6757019716117
naivesafe,"(16, 4)","(246, 139)",0,0.09,0.09,78.11378089440609
naivesafe,"(16, 4)","(246, 139)",1,0.09,0.09,76.80998742847964
smle,"(16, 4)","(246, 19)",1,0.12,0.13,1159.7584398144977
smle,"(16, 4)","(246, 19)",0,0.12,0.13,1155.9585850009305
naivesafe,"(16, 4)","(246, 19)",1,0.12,0.13,57.2033629015138
naivesafe,"(16, 4)","(246, 19)",0,0.12,0.13,58.469974846436614
naivesafe,"(16, 8)","(616, 526)",0,0.0,0.0,1688926918.6461105
naivesafe,"(16, 8)","(616, 526)",1,0.0,0.0,1698908426.699854
unsafe,"(16, 8)","(-1, -1)",1,0.0,0.0,1698908658.644839
unsafe,"(16, 8)","(-1, -1)",0,0.0,0.0,1688927035.9141717
smle,"(16, 8)","(616, 66)",1,0.0,0.0,1877794332.6374996
smle,"(16, 8)","(616, 66)",0,0.0,0.0,1881569710.7536647
smle,"(16, 8)","(616, 526)",1,0.0,0.0,1877015847.4138215
smle,"(16, 8)","(616, 526)",0,0.0,0.0,1877017211.8675592
naivesafe,"(16, 8)","(616, 731)",1,0.0,0.0,1698908426.699854
naivesafe,"(16, 8)","(616, 731)",0,0.0,0.0,1688926918.6461105
naivesafe,"(16, 8)","(616, 756)",0,0.0,0.0,1688926918.6461105
naivesafe,"(16, 8)","(616, 756)",1,0.0,0.0,1698908426.699854
smle,"(16, 8)","(616, 756)",1,0.0,0.0,1866559667.1452467
smle,"(16, 8)","(616, 756)",0,0.0,0.0,1873030619.430695
smle,"(16, 8)","(616, 731)",0,0.0,0.0,1885408991.290501
naivesafe,"(16, 8)","(616, 66)",1,0.0,0.0,1698908426.699854
naivesafe,"(16, 8)","(616, 66)",0,0.0,0.0,1688926918.6461105
smle,"(16, 8)","(616, 731)",1,0.0,0.0,1879466827.3540516
smle,"(16, 8)","(381, 526)",0,0.01,0.01,1891845607.6225283
smle,"(16, 8)","(381, 526)",1,0.01,0.01,1872010232.342783
naivesafe,"(16, 8)","(381, 526)",1,0.01,0.01,1698908426.699854
naivesafe,"(16, 8)","(381, 526)",0,0.01,0.01,1688926918.6461105
naivesafe,"(16, 8)","(381, 66)",1,0.02,0.01,1698908426.699854
naivesafe,"(16, 8)","(381, 66)",0,0.02,0.01,1688926918.6461105
smle,"(16, 8)","(381, 66)",1,0.02,0.01,1881200660.259898
smle,"(16, 8)","(381, 66)",0,0.02,0.01,1876528600.8692553
smle,"(16, 8)","(381, 756)",0,0.03,0.02,1878747974.1522694
smle,"(16, 8)","(381, 756)",1,0.03,0.02,1895621467.340527
naivesafe,"(16, 8)","(381, 756)",1,0.03,0.02,1698913549.211581
naivesafe,"(16, 8)","(381, 756)",0,0.03,0.02,1688931743.2946124
smle,"(16, 8)","(711, 526)",1,0.03,0.04,1923817791.5375702
smle,"(16, 8)","(711, 526)",0,0.03,0.04,1927162334.5279093
naivesafe,"(16, 8)","(711, 526)",0,0.03,0.04,1688926918.6461105
naivesafe,"(16, 8)","(711, 526)",1,0.03,0.04,1698908426.699854
smle,"(16, 8)","(381, 731)",1,0.04,0.03,1885146008.6920285
smle,"(16, 8)","(381, 731)",0,0.04,0.03,1879910181.5613725
naivesafe,"(16, 8)","(381, 731)",0,0.04,0.03,1688926908.533781
naivesafe,"(16, 8)","(381, 731)",1,0.04,0.03,1698908426.699854
naivesafe,"(16, 8)","(711, 66)",1,0.04,0.05,1698908426.699854
naivesafe,"(16, 8)","(711, 66)",0,0.04,0.05,1688926918.6461105
smle,"(16, 8)","(711, 66)",1,0.04,0.05,1920195115.1754835
smle,"(16, 8)","(711, 66)",0,0.04,0.05,1912562964.8573928
naivesafe,"(16, 8)","(246, 526)",1,0.05,0.06,1698908426.699854
naivesafe,"(16, 8)","(246, 526)",0,0.05,0.06,1688926918.6461105
smle,"(16, 8)","(246, 526)",0,0.05,0.06,2299802830.6267543
smle,"(16, 8)","(246, 526)",1,0.05,0.06,2323176418.1521716
smle,"(16, 8)","(711, 756)",1,0.06,0.07,1920783965.409934
smle,"(16, 8)","(711, 756)",0,0.06,0.07,1916184835.7843692
smle,"(16, 8)","(246, 66)",1,0.06,0.07,2302694519.3183303
smle,"(16, 8)","(246, 66)",0,0.06,0.07,2304500927.86491
naivesafe,"(16, 8)","(711, 756)",0,0.06,0.07,1688873950.9941182
naivesafe,"(16, 8)","(711, 756)",1,0.06,0.07,1698851993.6402102
naivesafe,"(16, 8)","(246, 66)",1,0.06,0.07,1698908426.699854
naivesafe,"(16, 8)","(246, 66)",0,0.06,0.07,1688926918.6461105
smle,"(16, 8)","(711, 731)",0,0.08,0.09,1917206514.3896987
smle,"(16, 8)","(711, 731)",1,0.08,0.09,1914363313.2962313
naivesafe,"(16, 8)","(711, 731)",1,0.08,0.09,1698904149.7426603
naivesafe,"(16, 8)","(711, 731)",0,0.08,0.09,1688921707.700847
naivesafe,"(16, 8)","(246, 756)",1,0.1,0.11,1699170532.8764682
naivesafe,"(16, 8)","(246, 756)",0,0.1,0.11,1689387581.901576
smle,"(16, 8)","(246, 756)",0,0.1,0.11,2316144976.278498
smle,"(16, 8)","(246, 756)",1,0.1,0.11,2306700425.535039
naivesafe,"(16, 8)","(246, 731)",0,0.12,0.13,1688921244.338562
naivesafe,"(16, 8)","(246, 731)",1,0.12,0.13,1698903838.5918748
smle,"(16, 8)","(246, 731)",1,0.12,0.13,2297183023.3796763
smle,"(16, 8)","(246, 731)",0,0.12,0.13,2308254168.383097
